date,unemployment,inflation,policy_rate,country,unemployment_lag_1,unemployment_lag_3,unemployment_lag_6,unemployment_lag_12,inflation_lag_1,inflation_lag_3,inflation_lag_6,inflation_lag_12,policy_rate_lag_1,policy_rate_lag_3,policy_rate_lag_6,policy_rate_lag_12,inflation_t+1,policy_rate_change,policy_rate_12m_change,is_tightening,is_easing,post_covid,years_since_covid
2015-02-01,5.5,0.35,0.4511,UK,5.6,,,,0.54,,,,0.4355,,,,0.33,0.015600000000000003,,1.0,0.0,0,0.0
2015-03-01,5.5,0.33,0.4568,UK,5.5,,,,0.35,,,,0.4511,,,,0.26,0.005699999999999983,,1.0,0.0,0,0.0
2015-04-01,5.6,0.26,0.4574,UK,5.5,5.6,,,0.33,0.54,,,0.4568,0.4355,,,0.45,0.0005999999999999894,,1.0,0.0,0,0.0
2015-05-01,5.6,0.45,0.462,UK,5.6,5.5,,,0.26,0.35,,,0.4574,0.4511,,,0.34,0.0046000000000000485,,1.0,0.0,0,0.0
2015-06-01,5.5,0.34,0.4566,UK,5.6,5.5,,,0.45,0.33,,,0.462,0.4568,,,0.47,-0.005400000000000016,,0.0,1.0,0,0.0
2015-07-01,5.4,0.47,0.4549,UK,5.5,5.6,5.6,,0.34,0.26,0.54,,0.4566,0.4574,0.4355,,0.37,-0.0016999999999999793,,0.0,1.0,0,0.0
2015-08-01,5.3,0.37,0.459,UK,5.4,5.6,5.5,,0.47,0.45,0.35,,0.4549,0.462,0.4511,,0.25,0.0040999999999999925,,1.0,0.0,0,0.0
2015-09-01,5.2,0.25,0.4544,UK,5.3,5.5,5.5,,0.37,0.34,0.33,,0.459,0.4566,0.4568,,0.25,-0.004599999999999993,,0.0,1.0,0,0.0
2015-10-01,5.1,0.25,0.4622,UK,5.2,5.4,5.6,,0.25,0.47,0.26,,0.4544,0.4549,0.4574,,0.44,0.007799999999999974,,1.0,0.0,0,0.0
2015-11-01,5.1,0.44,0.4636,UK,5.1,5.3,5.6,,0.25,0.37,0.45,,0.4622,0.459,0.462,,0.52,0.0014000000000000123,,1.0,0.0,0,0.0
2015-12-01,5.1,0.52,0.4575,UK,5.1,5.2,5.5,,0.44,0.25,0.34,,0.4636,0.4544,0.4566,,0.64,-0.006099999999999994,,0.0,1.0,0,0.0
2016-01-01,5.1,0.64,0.4659,UK,5.1,5.1,5.4,5.6,0.52,0.25,0.47,0.54,0.4575,0.4622,0.4549,0.4355,0.62,0.008399999999999963,0.030399999999999983,1.0,0.0,0,0.0
2016-02-01,5.1,0.62,0.4657,UK,5.1,5.1,5.3,5.5,0.64,0.44,0.37,0.35,0.4659,0.4636,0.459,0.4511,0.76,-0.00019999999999997797,0.014600000000000002,0.0,1.0,0,0.0
2016-03-01,5.0,0.76,0.4646,UK,5.1,5.1,5.2,5.5,0.62,0.52,0.25,0.33,0.4657,0.4575,0.4544,0.4568,0.7,-0.0010999999999999899,0.007800000000000029,0.0,1.0,0,0.0
2016-04-01,4.9,0.7,0.4663,UK,5.0,5.1,5.1,5.6,0.76,0.64,0.25,0.26,0.4646,0.4659,0.4622,0.4574,0.73,0.0016999999999999793,0.008900000000000019,1.0,0.0,0,0.0
2016-05-01,4.9,0.73,0.4633,UK,4.9,5.1,5.1,5.6,0.7,0.62,0.44,0.45,0.4663,0.4657,0.4636,0.462,0.84,-0.0030000000000000027,0.0012999999999999678,0.0,1.0,0,0.0
2016-06-01,4.9,0.84,0.4598,UK,4.9,5.0,5.1,5.5,0.73,0.76,0.52,0.34,0.4633,0.4646,0.4575,0.4566,0.9,-0.003500000000000003,0.0031999999999999806,0.0,1.0,0,0.0
2016-07-01,5.0,0.9,0.4577,UK,4.9,4.9,5.1,5.4,0.84,0.7,0.64,0.47,0.4598,0.4663,0.4659,0.4549,0.96,-0.0020999999999999908,0.002799999999999969,0.0,1.0,0,0.0
2016-08-01,4.8,0.96,0.2478,UK,5.0,4.9,5.1,5.3,0.9,0.73,0.62,0.37,0.4577,0.4633,0.4657,0.459,1.26,-0.2099,-0.21120000000000003,0.0,1.0,0,0.0
2016-09-01,4.8,1.26,0.213,UK,4.8,4.9,5.0,5.2,0.96,0.84,0.76,0.25,0.2478,0.4598,0.4646,0.4544,1.28,-0.0348,-0.24140000000000003,0.0,1.0,0,0.0
2016-10-01,4.8,1.28,0.212,UK,4.8,5.0,4.9,5.1,1.26,0.9,0.7,0.25,0.213,0.4577,0.4663,0.4622,1.47,-0.0010000000000000009,-0.2502,0.0,1.0,0,0.0
2016-11-01,4.7,1.47,0.2108,UK,4.8,4.8,4.9,5.1,1.28,0.96,0.73,0.44,0.212,0.2478,0.4633,0.4636,1.79,-0.0012000000000000066,-0.2528,0.0,1.0,0,0.0
2016-12-01,4.7,1.79,0.2125,UK,4.7,4.8,4.9,5.1,1.47,1.26,0.84,0.52,0.2108,0.213,0.4598,0.4575,1.93,0.001700000000000007,-0.24500000000000002,1.0,0.0,0,0.0
2017-01-01,4.6,1.93,0.2135,UK,4.7,4.8,5.0,5.1,1.79,1.28,0.9,0.64,0.2125,0.212,0.4577,0.4659,2.33,0.0010000000000000009,-0.25239999999999996,1.0,0.0,0,0.0
2017-02-01,4.6,2.33,0.2106,UK,4.6,4.7,4.8,5.1,1.93,1.47,0.96,0.62,0.2135,0.2108,0.2478,0.4657,2.35,-0.002899999999999986,-0.2551,0.0,1.0,0,0.0
2017-03-01,4.5,2.35,0.2095,UK,4.6,4.7,4.8,5.0,2.33,1.79,1.26,0.76,0.2106,0.2125,0.213,0.4646,2.65,-0.0011000000000000176,-0.2551,0.0,1.0,0,0.0
2017-04-01,4.4,2.65,0.2114,UK,4.5,4.6,4.8,4.9,2.35,1.93,1.28,0.7,0.2095,0.2135,0.212,0.4663,2.73,0.0019000000000000128,-0.2549,1.0,0.0,0,0.0
2017-05-01,4.4,2.73,0.2126,UK,4.4,4.6,4.7,4.9,2.65,2.33,1.47,0.73,0.2114,0.2106,0.2108,0.4633,2.57,0.0012000000000000066,-0.2507,1.0,0.0,0,0.0
2017-06-01,4.3,2.57,0.2121,UK,4.4,4.5,4.7,4.9,2.73,2.35,1.79,0.84,0.2126,0.2095,0.2125,0.4598,2.55,-0.0005000000000000004,-0.24769999999999998,0.0,1.0,0,0.0
2017-07-01,4.3,2.55,0.2124,UK,4.3,4.4,4.6,5.0,2.57,2.65,1.93,0.9,0.2121,0.2114,0.2135,0.4577,2.74,0.0002999999999999947,-0.2453,1.0,0.0,0,0.0
2017-08-01,4.3,2.74,0.2132,UK,4.3,4.4,4.6,4.8,2.55,2.73,2.33,0.96,0.2124,0.2126,0.2106,0.2478,2.81,0.0007999999999999952,-0.03459999999999999,1.0,0.0,0,0.0
2017-09-01,4.2,2.81,0.2123,UK,4.3,4.3,4.5,4.8,2.74,2.57,2.35,1.26,0.2132,0.2121,0.2095,0.213,2.78,-0.0009000000000000119,-0.0007000000000000062,0.0,1.0,0,0.0
2017-10-01,4.3,2.78,0.211,UK,4.2,4.3,4.4,4.8,2.81,2.55,2.65,1.28,0.2123,0.2124,0.2114,0.212,2.85,-0.0012999999999999956,-0.0010000000000000009,0.0,1.0,0,0.0
2017-11-01,4.4,2.85,0.4493,UK,4.3,4.3,4.4,4.7,2.78,2.74,2.73,1.47,0.211,0.2132,0.2126,0.2108,2.72,0.23829999999999998,0.2385,1.0,0.0,0,0.0
2017-12-01,4.3,2.72,0.4619,UK,4.4,4.2,4.3,4.7,2.85,2.81,2.57,1.79,0.4493,0.2123,0.2121,0.2125,2.71,0.0126,0.24939999999999998,1.0,0.0,0,0.0
2018-01-01,4.2,2.71,0.4631,UK,4.3,4.3,4.3,4.6,2.72,2.78,2.55,1.93,0.4619,0.211,0.2124,0.2135,2.45,0.0012000000000000344,0.24960000000000002,1.0,0.0,0,0.0
2018-02-01,4.2,2.45,0.4634,UK,4.2,4.4,4.3,4.6,2.71,2.85,2.74,2.33,0.4631,0.4493,0.2132,0.2106,2.29,0.00029999999999996696,0.25279999999999997,1.0,0.0,0,0.0
2018-03-01,4.2,2.29,0.4637,UK,4.2,4.3,4.2,4.5,2.45,2.72,2.81,2.35,0.4634,0.4619,0.2123,0.2095,2.2,0.00030000000000002247,0.2542,1.0,0.0,0,0.0
2018-04-01,4.2,2.2,0.4617,UK,4.2,4.2,4.3,4.4,2.29,2.71,2.78,2.65,0.4637,0.4631,0.211,0.2114,2.3,-0.0020000000000000018,0.25029999999999997,0.0,1.0,0,0.0
2018-05-01,4.0,2.3,0.4529,UK,4.2,4.2,4.4,4.4,2.2,2.45,2.85,2.73,0.4617,0.4634,0.4493,0.2126,2.3,-0.008799999999999975,0.2403,0.0,1.0,0,0.0
2018-06-01,4.0,2.3,0.4507,UK,4.0,4.2,4.3,4.3,2.3,2.29,2.72,2.57,0.4529,0.4637,0.4619,0.2121,2.29,-0.0022000000000000353,0.23859999999999998,0.0,1.0,0,0.0
2018-07-01,4.0,2.29,0.4545,UK,4.0,4.2,4.2,4.3,2.3,2.2,2.71,2.55,0.4507,0.4617,0.4631,0.2124,2.39,0.0038000000000000256,0.2421,1.0,0.0,0,0.0
2018-08-01,4.1,2.39,0.6911,UK,4.0,4.0,4.2,4.3,2.29,2.3,2.45,2.74,0.4545,0.4529,0.4634,0.2132,2.2,0.23660000000000003,0.47790000000000005,1.0,0.0,0,0.0
2018-09-01,4.1,2.2,0.7012,UK,4.1,4.0,4.2,4.2,2.39,2.3,2.29,2.81,0.6911,0.4507,0.4637,0.2123,2.23,0.010099999999999998,0.48890000000000006,1.0,0.0,0,0.0
2018-10-01,4.0,2.23,0.7011,UK,4.1,4.0,4.2,4.3,2.2,2.29,2.2,2.78,0.7012,0.4545,0.4617,0.211,2.15,-0.00010000000000010001,0.4901,0.0,1.0,0,0.0
2018-11-01,4.0,2.15,0.7017,UK,4.0,4.1,4.0,4.4,2.23,2.39,2.3,2.85,0.7011,0.6911,0.4529,0.4493,2.01,0.0006000000000000449,0.2524,1.0,0.0,0,0.0
2018-12-01,3.9,2.01,0.7026,UK,4.0,4.1,4.0,4.3,2.15,2.2,2.3,2.72,0.7017,0.7012,0.4507,0.4619,1.77,0.0009000000000000119,0.24070000000000003,1.0,0.0,0,0.0
2019-01-01,4.0,1.77,0.7053,UK,3.9,4.0,4.0,4.2,2.01,2.23,2.29,2.71,0.7026,0.7011,0.4545,0.4631,1.81,0.0027000000000000357,0.24220000000000003,1.0,0.0,0,0.0
2019-02-01,3.8,1.81,0.7061,UK,4.0,4.0,4.1,4.2,1.77,2.15,2.39,2.45,0.7053,0.7017,0.6911,0.4634,1.84,0.0007999999999999119,0.24269999999999997,1.0,0.0,0,0.0
2019-03-01,3.8,1.84,0.7053,UK,3.8,3.9,4.1,4.2,1.81,2.01,2.2,2.29,0.7061,0.7026,0.7012,0.4637,2.0,-0.0007999999999999119,0.24160000000000004,0.0,1.0,0,0.0
2019-04-01,3.8,2.0,0.7081,UK,3.8,4.0,4.0,4.2,1.84,1.77,2.23,2.2,0.7053,0.7053,0.7011,0.4617,1.96,0.0027999999999999137,0.24639999999999995,1.0,0.0,0,0.0
2019-05-01,3.9,1.96,0.7094,UK,3.8,3.8,4.0,4.0,2.0,1.81,2.15,2.3,0.7081,0.7061,0.7017,0.4529,1.94,0.0013000000000000789,0.2565,1.0,0.0,0,0.0
2019-06-01,3.9,1.94,0.7085,UK,3.9,3.8,3.9,4.0,1.96,1.84,2.01,2.3,0.7094,0.7053,0.7026,0.4507,1.99,-0.0009000000000000119,0.25780000000000003,0.0,1.0,0,0.0
2019-07-01,3.9,1.99,0.709,UK,3.9,3.8,4.0,4.0,1.94,2.0,1.77,2.29,0.7085,0.7081,0.7053,0.4545,1.7,0.0004999999999999449,0.25449999999999995,1.0,0.0,0,0.0
2019-08-01,3.9,1.7,0.7101,UK,3.9,3.9,3.8,4.1,1.99,1.96,1.81,2.39,0.709,0.7094,0.7061,0.6911,1.69,0.0010999999999999899,0.018999999999999906,1.0,0.0,0,0.0
2019-09-01,3.8,1.69,0.7098,UK,3.9,3.9,3.8,4.1,1.7,1.94,1.84,2.2,0.7101,0.7085,0.7053,0.7012,1.5,-0.00029999999999996696,0.008599999999999941,0.0,1.0,0,0.0
2019-10-01,3.8,1.5,0.7108,UK,3.8,3.9,3.8,4.0,1.69,1.99,2.0,2.23,0.7098,0.709,0.7081,0.7011,1.5,0.0010000000000000009,0.009700000000000042,1.0,0.0,0,0.0
2019-11-01,3.7,1.5,0.7105,UK,3.8,3.9,3.9,4.0,1.5,1.7,1.96,2.15,0.7108,0.7101,0.7094,0.7017,1.37,-0.00029999999999996696,0.00880000000000003,0.0,1.0,0,0.0
2019-12-01,3.9,1.37,0.7101,UK,3.7,3.8,3.9,3.9,1.5,1.69,1.94,2.01,0.7105,0.7098,0.7085,0.7026,1.75,-0.00040000000000006697,0.007499999999999951,0.0,1.0,0,0.0
2020-01-01,3.9,1.75,0.7113,UK,3.9,3.8,3.9,4.0,1.37,1.5,1.99,1.77,0.7101,0.7108,0.709,0.7053,1.73,0.0012000000000000899,0.006000000000000005,1.0,0.0,0,0.0
2020-02-01,4.1,1.73,0.7104,UK,3.9,3.7,3.9,3.8,1.75,1.5,1.7,1.81,0.7113,0.7105,0.7101,0.7061,1.55,-0.0009000000000000119,0.0043000000000000815,0.0,1.0,0,0.0
2020-03-01,4.1,1.55,0.3192,UK,4.1,3.9,3.8,3.8,1.73,1.37,1.69,1.84,0.7104,0.7101,0.7098,0.7053,0.92,-0.39120000000000005,-0.38610000000000005,0.0,1.0,1,0.0
2020-04-01,4.1,0.92,0.0659,UK,4.1,3.9,3.8,3.8,1.55,1.75,1.5,2.0,0.3192,0.7113,0.7108,0.7081,0.68,-0.25329999999999997,-0.6422,0.0,1.0,1,0.08487337440109514
2020-05-01,4.1,0.68,0.0674,UK,4.1,4.1,3.7,3.9,0.92,1.73,1.5,1.96,0.0659,0.7104,0.7105,0.7094,0.8,0.0015000000000000013,-0.642,1.0,0.0,1,0.16700889801505817
2020-06-01,4.4,0.8,0.0646,UK,4.1,4.1,3.9,3.9,0.68,1.55,1.37,1.94,0.0674,0.3192,0.7101,0.7085,1.15,-0.002799999999999997,-0.6439,0.0,1.0,1,0.2518822724161533
2020-07-01,4.6,1.15,0.0599,UK,4.4,4.1,3.9,3.9,0.8,0.92,1.75,1.99,0.0646,0.0659,0.7113,0.709,0.51,-0.004700000000000003,-0.6491,0.0,1.0,1,0.33401779603011633
2020-08-01,5.0,0.51,0.0562,UK,4.6,4.1,4.1,3.9,1.15,0.68,1.73,1.7,0.0599,0.0674,0.7104,0.7101,0.75,-0.003700000000000002,-0.6538999999999999,0.0,1.0,1,0.4188911704312115
2020-09-01,5.2,0.75,0.0547,UK,5.0,4.4,4.1,3.8,0.51,0.8,1.55,1.69,0.0562,0.0646,0.3192,0.7098,0.89,-0.0015000000000000013,-0.6551,0.0,1.0,1,0.5037645448323066
2020-10-01,5.2,0.89,0.0538,UK,5.2,4.6,4.1,3.8,0.75,1.15,0.92,1.5,0.0547,0.0599,0.0659,0.7108,0.58,-0.000899999999999998,-0.657,0.0,1.0,1,0.5859000684462696
2020-11-01,5.3,0.58,0.0537,UK,5.2,5.0,4.1,3.7,0.89,0.51,0.68,1.5,0.0538,0.0562,0.0674,0.7105,0.82,-0.00010000000000000286,-0.6568,0.0,1.0,1,0.6707734428473648
2020-12-01,5.2,0.82,0.0492,UK,5.3,5.2,4.4,3.9,0.58,0.75,0.8,1.37,0.0537,0.0547,0.0646,0.7101,0.93,-0.004499999999999997,-0.6608999999999999,0.0,1.0,1,0.7529089664613279
2021-01-01,5.0,0.93,0.0494,UK,5.2,5.2,4.6,3.9,0.82,0.89,1.15,1.75,0.0492,0.0538,0.0599,0.7113,0.73,0.0001999999999999988,-0.6619,1.0,0.0,1,0.837782340862423
2021-02-01,4.9,0.73,0.0486,UK,5.0,5.3,5.0,4.1,0.93,0.58,0.51,1.73,0.0494,0.0537,0.0562,0.7104,0.96,-0.0008000000000000021,-0.6618,0.0,1.0,1,0.9226557152635181
2021-03-01,4.8,0.96,0.0486,UK,4.9,5.2,5.2,4.1,0.73,0.82,0.75,1.55,0.0486,0.0492,0.0547,0.3192,1.64,0.0,-0.2706,0.0,0.0,1,0.999315537303217
2021-04-01,4.8,1.64,0.0486,UK,4.8,5.0,5.2,4.1,0.96,0.93,0.89,0.92,0.0486,0.0494,0.0538,0.0659,2.12,0.0,-0.017300000000000003,0.0,0.0,1,1.0841889117043122
2021-05-01,4.7,2.12,0.0495,UK,4.8,4.9,5.3,4.1,1.64,0.73,0.58,0.68,0.0486,0.0486,0.0537,0.0674,2.45,0.000900000000000005,-0.0179,1.0,0.0,1,1.1663244353182751
2021-06-01,4.6,2.45,0.0498,UK,4.7,4.8,5.2,4.4,2.12,0.96,0.82,0.8,0.0495,0.0486,0.0492,0.0646,2.09,0.0002999999999999947,-0.014800000000000008,1.0,0.0,1,1.2511978097193703
2021-07-01,4.5,2.09,0.0506,UK,4.6,4.8,5.0,4.6,2.45,1.64,0.93,1.15,0.0498,0.0486,0.0494,0.0599,3.03,0.0008000000000000021,-0.009300000000000003,1.0,0.0,1,1.3333333333333333
2021-08-01,4.4,3.03,0.0504,UK,4.5,4.7,4.9,5.0,2.09,2.12,0.73,0.51,0.0506,0.0495,0.0486,0.0562,2.92,-0.0001999999999999988,-0.0058,0.0,1.0,1,1.4182067077344285
2021-09-01,4.3,2.92,0.05,UK,4.4,4.6,4.8,5.2,3.03,2.45,0.96,0.75,0.0504,0.0498,0.0486,0.0547,3.83,-0.0003999999999999976,-0.004699999999999996,0.0,1.0,1,1.5030800821355237
2021-10-01,4.2,3.83,0.0502,UK,4.3,4.5,4.8,5.2,2.92,2.09,1.64,0.89,0.05,0.0506,0.0486,0.0538,4.58,0.0001999999999999988,-0.003599999999999999,1.0,0.0,1,1.5852156057494866
2021-11-01,4.2,4.58,0.0468,UK,4.2,4.4,4.7,5.3,3.83,3.03,2.12,0.58,0.0502,0.0504,0.0495,0.0537,4.84,-0.0034000000000000002,-0.006899999999999996,0.0,1.0,1,1.6700889801505818
2021-12-01,4.1,4.84,0.1141,UK,4.2,4.3,4.6,5.2,4.58,2.92,2.45,0.82,0.0468,0.05,0.0498,0.0492,4.9,0.0673,0.06489999999999999,1.0,0.0,1,1.7522245037645447
2022-01-01,3.9,4.9,0.1958,UK,4.1,4.2,4.5,5.0,4.84,3.83,2.09,0.93,0.1141,0.0502,0.0506,0.0494,5.48,0.08170000000000001,0.1464,1.0,0.0,1,1.83709787816564
2022-02-01,3.8,5.48,0.4199,UK,3.9,4.2,4.4,4.9,4.9,4.58,3.03,0.73,0.1958,0.0468,0.0504,0.0486,6.22,0.2241,0.3713,1.0,0.0,1,1.9219712525667352
2022-03-01,3.8,6.22,0.5623,UK,3.8,4.1,4.3,4.8,5.48,4.84,2.92,0.96,0.4199,0.1141,0.05,0.0486,7.78,0.14240000000000003,0.5137,1.0,0.0,1,1.998631074606434
2022-04-01,3.7,7.78,0.6906,UK,3.8,3.9,4.2,4.8,6.22,4.9,3.83,1.64,0.5623,0.1958,0.0502,0.0486,7.87,0.12829999999999997,0.642,1.0,0.0,1,2.083504449007529
2022-05-01,3.8,7.87,0.9158,UK,3.7,3.8,4.2,4.7,7.78,5.48,4.58,2.12,0.6906,0.4199,0.0468,0.0495,8.18,0.22519999999999996,0.8663,1.0,0.0,1,2.1656399726214923
2022-06-01,3.6,8.18,1.0767,UK,3.8,3.8,4.1,4.6,7.87,6.22,4.84,2.45,0.9158,0.5623,0.1141,0.0498,8.76,0.16090000000000004,1.0269,1.0,0.0,1,2.2505133470225873
2022-07-01,3.6,8.76,1.1908,UK,3.6,3.7,3.9,4.5,8.18,7.78,4.9,2.09,1.0767,0.6906,0.1958,0.0506,8.61,0.11410000000000009,1.1402,1.0,0.0,1,2.3326488706365502
2022-08-01,3.7,8.61,1.622,UK,3.6,3.8,3.8,4.4,8.76,7.87,5.48,3.03,1.1908,0.9158,0.4199,0.0504,8.81,0.4312,1.5716,1.0,0.0,1,2.4175222450376452
2022-09-01,3.8,8.81,1.8569,UK,3.7,3.6,3.8,4.3,8.61,8.18,6.22,2.92,1.622,1.0767,0.5623,0.05,9.59,0.2348999999999999,1.8069,1.0,0.0,1,2.5023956194387407
2022-10-01,3.9,9.59,2.1857,UK,3.8,3.6,3.7,4.2,8.81,8.76,7.78,3.83,1.8569,1.1908,0.6906,0.0502,9.35,0.3288000000000002,2.1355000000000004,1.0,0.0,1,2.5845311430527036
2022-11-01,3.9,9.35,2.8599,UK,3.9,3.7,3.8,4.2,9.59,8.61,7.87,4.58,2.1857,1.622,0.9158,0.0468,9.24,0.6741999999999999,2.8131,1.0,0.0,1,2.6694045174537986
2022-12-01,3.9,9.24,3.1779,UK,3.9,3.8,3.6,4.1,9.35,8.81,8.18,4.84,2.8599,1.8569,1.0767,0.1141,8.84,0.31800000000000006,3.0638,1.0,0.0,1,2.751540041067762
2023-01-01,4.0,8.84,3.4275,UK,3.9,3.9,3.6,3.9,9.24,9.59,8.76,4.9,3.1779,2.1857,1.1908,0.1958,9.16,0.24960000000000004,3.2317,1.0,0.0,1,2.836413415468857
2023-02-01,4.0,9.16,3.9021,UK,4.0,3.9,3.7,3.8,8.84,9.35,8.61,5.48,3.4275,2.8599,1.622,0.4199,8.87,0.4745999999999997,3.4821999999999997,1.0,0.0,1,2.921286789869952
2023-03-01,3.9,8.87,4.0031,UK,4.0,3.9,3.8,3.8,9.16,9.24,8.81,6.22,3.9021,3.1779,1.8569,0.5623,7.85,0.10099999999999998,3.4408,1.0,0.0,1,2.9979466119096507
2023-04-01,4.0,7.85,4.1774,UK,3.9,4.0,3.9,3.7,8.87,8.84,9.59,7.78,4.0031,3.4275,2.1857,0.6906,7.89,0.17429999999999968,3.4867999999999997,1.0,0.0,1,3.082819986310746
2023-05-01,4.2,7.89,4.3528,UK,4.0,4.0,3.9,3.8,7.85,9.16,9.35,7.87,4.1774,3.9021,2.8599,0.9158,7.31,0.17540000000000067,3.4370000000000003,1.0,0.0,1,3.164955509924709
2023-06-01,4.3,7.31,4.5872,UK,4.2,3.9,3.9,3.6,7.89,8.87,9.24,8.18,4.3528,4.0031,3.1779,1.0767,6.39,0.23439999999999994,3.5105000000000004,1.0,0.0,1,3.249828884325804
2023-07-01,4.3,6.39,4.9302,UK,4.3,4.0,4.0,3.6,7.31,7.85,8.84,8.76,4.5872,4.1774,3.4275,1.1908,6.3,0.34299999999999997,3.7394,1.0,0.0,1,3.3319644079397674
2023-08-01,4.1,6.3,5.1609,UK,4.3,4.2,4.0,3.7,6.39,7.89,9.16,8.61,4.9302,4.3528,3.9021,1.622,6.34,0.23069999999999968,3.5389,1.0,0.0,1,3.4168377823408624
2023-09-01,4.0,6.34,5.1854,UK,4.1,4.3,3.9,3.8,6.3,7.31,8.87,8.81,5.1609,4.5872,4.0031,1.8569,4.74,0.024499999999999744,3.3284999999999996,1.0,0.0,1,3.5017111567419574
2023-10-01,4.0,4.74,5.1871,UK,4.0,4.3,4.0,3.9,6.34,6.39,7.85,9.59,5.1854,4.9302,4.1774,2.1857,4.21,0.001700000000000479,3.0014,1.0,0.0,1,3.583846680355921
2023-11-01,3.9,4.21,5.1875,UK,4.0,4.1,4.2,3.9,4.74,6.3,7.89,9.35,5.1871,5.1609,4.3528,2.8599,4.2,0.00039999999999995595,2.3276,1.0,0.0,1,3.668720054757016
2023-12-01,4.1,4.2,5.187,UK,3.9,4.0,4.3,3.9,4.21,6.34,7.31,9.24,5.1875,5.1854,4.5872,3.1779,4.22,-0.0004999999999997229,2.0091,0.0,1.0,1,3.7508555783709787
2024-01-01,4.2,4.22,5.1875,UK,4.1,4.0,4.3,4.0,4.2,4.74,6.39,8.84,5.187,5.1871,4.9302,3.4275,3.84,0.0004999999999997229,1.7599999999999998,1.0,0.0,1,3.8357289527720737
2024-02-01,4.3,3.84,5.1883,UK,4.2,3.9,4.1,4.0,4.22,4.21,6.3,9.16,5.1875,5.1875,5.1609,3.9021,3.75,0.0007999999999999119,1.2862,1.0,0.0,1,3.920602327173169
2024-03-01,4.4,3.75,5.1891,UK,4.3,4.1,4.0,3.9,3.84,4.2,6.34,8.87,5.1883,5.187,5.1854,4.0031,3.04,0.0007999999999999119,1.186,1.0,0.0,1,4.0
2024-04-01,4.4,3.04,5.1979,UK,4.4,4.2,4.0,4.0,3.75,4.22,4.74,7.85,5.1891,5.1875,5.1871,4.1774,2.81,0.008799999999999919,1.0205000000000002,1.0,0.0,1,4.084873374401095
2024-05-01,4.2,2.81,5.2,UK,4.4,4.3,3.9,4.2,3.04,3.84,4.21,7.89,5.1979,5.1883,5.1875,4.3528,2.8,0.002100000000000435,0.8472,1.0,0.0,1,4.167008898015058
2024-06-01,4.2,2.8,5.2,UK,4.2,4.4,4.1,4.3,2.81,3.75,4.2,7.31,5.2,5.1891,5.187,4.5872,3.1,0.0,0.6128,0.0,0.0,1,4.251882272416153
2024-07-01,4.1,3.1,5.2,UK,4.2,4.4,4.2,4.3,2.8,3.04,4.22,6.39,5.2,5.1979,5.1875,4.9302,3.08,0.0,0.26980000000000004,0.0,0.0,1,4.334017796030117
2024-08-01,4.3,3.08,4.95,UK,4.1,4.2,4.3,4.1,3.1,2.81,3.84,6.3,5.2,5.2,5.1883,5.1609,2.65,-0.25,-0.21089999999999964,0.0,1.0,1,4.418891170431212
2024-09-01,4.3,2.65,4.95,UK,4.3,4.2,4.4,4.0,3.08,2.8,3.75,6.34,4.95,5.2,5.1891,5.1854,3.18,0.0,-0.2353999999999994,0.0,0.0,1,4.503764544832307
2024-10-01,4.4,3.18,4.95,UK,4.3,4.1,4.4,4.0,2.65,3.1,3.04,4.74,4.95,5.2,5.1979,5.1871,3.5,0.0,-0.23709999999999987,0.0,0.0,1,4.58590006844627
2024-11-01,4.4,3.5,4.7476,UK,4.4,4.3,4.2,3.9,3.18,3.08,2.81,4.21,4.95,4.95,5.2,5.1875,3.46,-0.2023999999999999,-0.43989999999999974,0.0,1.0,1,4.670773442847365
2024-12-01,4.4,3.46,4.7,UK,4.4,4.3,4.2,4.1,3.5,2.65,2.8,4.2,4.7476,4.95,5.2,5.187,3.87,-0.04760000000000009,-0.4870000000000001,0.0,1.0,1,4.7529089664613275
2025-01-01,4.4,3.87,4.7002,UK,4.4,4.4,4.1,4.2,3.46,3.18,3.1,4.22,4.7,4.95,5.2,5.1875,3.66,0.00019999999999953388,-0.4873000000000003,1.0,0.0,1,4.837782340862423
2025-02-01,4.5,3.66,4.4919,UK,4.4,4.4,4.3,4.3,3.87,3.5,3.08,3.84,4.7002,4.7476,4.95,5.1883,3.43,-0.20829999999999949,-0.6963999999999997,0.0,1.0,1,4.922655715263518
2025-03-01,4.6,3.43,4.4555,UK,4.5,4.4,4.3,4.4,3.66,3.46,2.65,3.75,4.4919,4.7,4.95,5.1891,,-0.03640000000000043,-0.7336,0.0,1.0,1,4.999315537303217
2015-02-01,5.5,-0.0251298,0.11,US,5.7,,,,-0.08934832,,,,0.11,,,,-0.07363739,0.0,,0.0,0.0,0,0.0
2015-03-01,5.4,-0.07363739,0.11,US,5.5,,,,-0.0251298,,,,0.11,,,,-0.1995174,0.0,,0.0,0.0,0,0.0
2015-04-01,5.4,-0.1995174,0.12,US,5.4,5.7,,,-0.07363739,-0.08934832,,,0.11,0.11,,,-0.03993275,0.009999999999999995,,1.0,0.0,0,0.0
2015-05-01,5.6,-0.03993275,0.12,US,5.4,5.5,,,-0.1995174,-0.0251298,,,0.12,0.11,,,0.1237712,0.0,,0.0,0.0,0,0.0
2015-06-01,5.3,0.1237712,0.13,US,5.6,5.4,,,-0.03993275,-0.07363739,,,0.12,0.11,,,0.1695698,0.010000000000000009,,1.0,0.0,0,0.0
2015-07-01,5.2,0.1695698,0.13,US,5.3,5.4,5.7,,0.1237712,-0.1995174,-0.08934832,,0.13,0.12,0.11,,0.1950792999999999,0.0,,0.0,0.0,0,0.0
2015-08-01,5.1,0.1950792999999999,0.14,US,5.2,5.6,5.5,,0.1695698,-0.03993275,-0.0251298,,0.13,0.12,0.11,,-0.03612975,0.010000000000000009,,1.0,0.0,0,0.0
2015-09-01,5.0,-0.03612975,0.14,US,5.1,5.3,5.4,,0.1950792999999999,0.1237712,-0.07363739,,0.14,0.13,0.11,,0.1705744,0.0,,0.0,0.0,0,0.0
2015-10-01,5.0,0.1705744,0.12,US,5.0,5.2,5.4,,-0.03612975,0.1695698,-0.1995174,,0.14,0.13,0.12,,0.5017976,-0.020000000000000018,,0.0,1.0,0,0.0
2015-11-01,5.1,0.5017976,0.12,US,5.0,5.1,5.6,,0.1705744,0.1950792999999999,-0.03993275,,0.12,0.14,0.12,,0.7295198,0.0,,0.0,0.0,0,0.0
2015-12-01,5.0,0.7295198,0.24,US,5.1,5.0,5.3,,0.5017976,-0.03612975,0.1237712,,0.12,0.14,0.13,,1.3730870000000002,0.12,,1.0,0.0,0,0.0
2016-01-01,4.8,1.3730870000000002,0.34,US,5.0,5.0,5.2,5.7,0.7295198,0.1705744,0.1695698,-0.08934832,0.24,0.12,0.13,0.11,1.0178,0.10000000000000003,0.23000000000000004,1.0,0.0,0,0.0
2016-02-01,4.9,1.0178,0.38,US,4.8,5.1,5.1,5.5,1.3730870000000002,0.5017976,0.1950792999999999,-0.0251298,0.34,0.12,0.14,0.11,0.8525362,0.03999999999999998,0.27,1.0,0.0,0,0.0
2016-03-01,5.0,0.8525362,0.36,US,4.9,5.0,5.0,5.4,1.0178,0.7295198,-0.03612975,-0.07363739,0.38,0.24,0.14,0.11,1.12511,-0.020000000000000018,0.25,0.0,1.0,0,0.0
2016-04-01,5.1,1.12511,0.37,US,5.0,4.8,5.0,5.4,0.8525362,1.3730870000000002,0.1705744,-0.1995174,0.36,0.34,0.12,0.12,1.019323,0.010000000000000009,0.25,1.0,0.0,0,0.0
2016-05-01,4.8,1.019323,0.37,US,5.1,4.9,5.1,5.6,1.12511,1.0178,0.5017976,-0.03993275,0.37,0.38,0.12,0.12,0.9973265,0.0,0.25,0.0,0.0,0,0.0
2016-06-01,4.9,0.9973265,0.38,US,4.8,5.0,5.0,5.3,1.019323,0.8525362,0.7295198,0.1237712,0.37,0.36,0.24,0.13,0.8271388000000001,0.010000000000000009,0.25,1.0,0.0,0,0.0
2016-07-01,4.8,0.8271388000000001,0.39,US,4.9,5.1,4.8,5.2,0.9973265,1.12511,1.3730870000000002,0.1695698,0.38,0.37,0.34,0.13,1.062875,0.010000000000000009,0.26,1.0,0.0,0,0.0
2016-08-01,4.9,1.062875,0.4,US,4.8,4.8,4.9,5.1,0.8271388000000001,1.019323,1.0178,0.1950792999999999,0.39,0.37,0.38,0.14,1.463784,0.010000000000000009,0.26,1.0,0.0,0,0.0
2016-09-01,5.0,1.463784,0.4,US,4.9,4.9,5.0,5.0,1.062875,0.9973265,0.8525362,-0.03612975,0.4,0.38,0.36,0.14,1.635988,0.0,0.26,0.0,0.0,0,0.0
2016-10-01,4.9,1.635988,0.4,US,5.0,4.8,5.1,5.0,1.463784,0.8271388000000001,1.12511,0.1705744,0.4,0.39,0.37,0.12,1.692537,0.0,0.28,0.0,0.0,0,0.0
2016-11-01,4.7,1.692537,0.41,US,4.9,4.9,4.8,5.1,1.635988,1.062875,1.019323,0.5017976,0.4,0.4,0.37,0.12,2.074622,0.009999999999999953,0.29,1.0,0.0,0,0.0
2016-12-01,4.7,2.074622,0.54,US,4.7,5.0,4.9,5.0,1.692537,1.463784,0.9973265,0.7295198,0.41,0.4,0.38,0.24,2.500042,0.13000000000000006,0.30000000000000004,1.0,0.0,0,0.0
2017-01-01,4.7,2.500042,0.65,US,4.7,4.9,4.8,4.8,2.074622,1.635988,0.8271388000000001,1.3730870000000002,0.54,0.4,0.39,0.34,2.7379580000000003,0.10999999999999999,0.31,1.0,0.0,0,0.0
2017-02-01,4.6,2.7379580000000003,0.66,US,4.7,4.7,4.9,4.9,2.500042,1.692537,1.062875,1.0178,0.65,0.41,0.4,0.38,2.380612,0.010000000000000009,0.28,1.0,0.0,0,0.0
2017-03-01,4.4,2.380612,0.79,US,4.6,4.7,5.0,5.0,2.7379580000000003,2.074622,1.463784,0.8525362,0.66,0.54,0.4,0.36,2.1996900000000004,0.13,0.43000000000000005,1.0,0.0,0,0.0
2017-04-01,4.4,2.1996900000000004,0.9,US,4.4,4.7,4.9,5.1,2.380612,2.500042,1.635988,1.12511,0.79,0.65,0.4,0.37,1.874878,0.10999999999999999,0.53,1.0,0.0,0,0.0
2017-05-01,4.4,1.874878,0.91,US,4.4,4.6,4.7,4.8,2.1996900000000004,2.7379580000000003,1.692537,1.019323,0.9,0.66,0.41,0.37,1.6334879999999998,0.010000000000000009,0.54,1.0,0.0,0,0.0
2017-06-01,4.3,1.6334879999999998,1.04,US,4.4,4.4,4.7,4.9,1.874878,2.380612,2.074622,0.9973265,0.91,0.79,0.54,0.38,1.7279779999999998,0.13,0.66,1.0,0.0,0,0.0
2017-07-01,4.3,1.7279779999999998,1.15,US,4.3,4.4,4.7,4.8,1.6334879999999998,2.1996900000000004,2.500042,0.8271388000000001,1.04,0.9,0.65,0.39,1.938974,0.10999999999999988,0.7599999999999999,1.0,0.0,0,0.0
2017-08-01,4.4,1.938974,1.16,US,4.3,4.4,4.6,4.9,1.7279779999999998,1.874878,2.7379580000000003,1.062875,1.15,0.91,0.66,0.4,2.232964,0.010000000000000009,0.7599999999999999,1.0,0.0,0,0.0
2017-09-01,4.3,2.232964,1.15,US,4.4,4.3,4.4,5.0,1.938974,1.6334879999999998,2.380612,1.463784,1.16,1.04,0.79,0.4,2.041129,-0.010000000000000009,0.7499999999999999,0.0,1.0,0,0.0
2017-10-01,4.2,2.041129,1.15,US,4.3,4.3,4.4,4.9,2.232964,1.7279779999999998,2.1996900000000004,1.635988,1.15,1.15,0.9,0.4,2.202583,0.0,0.7499999999999999,0.0,0.0,0,0.0
2017-11-01,4.2,2.202583,1.16,US,4.2,4.4,4.4,4.7,2.041129,1.938974,1.874878,1.692537,1.15,1.16,0.91,0.41,2.109082,0.010000000000000009,0.75,1.0,0.0,0,0.0
2017-12-01,4.1,2.109082,1.3,US,4.2,4.3,4.3,4.7,2.202583,2.232964,1.6334879999999998,2.074622,1.16,1.15,1.04,0.54,2.070508,0.14000000000000012,0.76,1.0,0.0,0,0.0
2018-01-01,4.0,2.070508,1.41,US,4.1,4.2,4.3,4.7,2.109082,2.041129,1.7279779999999998,2.500042,1.3,1.15,1.15,0.65,2.211795,0.10999999999999988,0.7599999999999999,1.0,0.0,0,0.0
2018-02-01,4.1,2.211795,1.42,US,4.0,4.2,4.4,4.6,2.070508,2.202583,1.938974,2.7379580000000003,1.41,1.16,1.16,0.66,2.359711,0.010000000000000009,0.7599999999999999,1.0,0.0,0,0.0
2018-03-01,4.0,2.359711,1.51,US,4.1,4.1,4.3,4.4,2.211795,2.109082,2.232964,2.380612,1.42,1.3,1.15,0.79,2.462744,0.09000000000000008,0.72,1.0,0.0,0,0.0
2018-04-01,4.0,2.462744,1.69,US,4.0,4.0,4.2,4.4,2.359711,2.070508,2.041129,2.1996900000000004,1.51,1.41,1.15,0.9,2.801012,0.17999999999999994,0.7899999999999999,1.0,0.0,0,0.0
2018-05-01,3.8,2.801012,1.7,US,4.0,4.1,4.2,4.4,2.462744,2.211795,2.202583,1.874878,1.69,1.42,1.16,0.91,2.871548,0.010000000000000009,0.7899999999999999,1.0,0.0,0,0.0
2018-06-01,4.0,2.871548,1.82,US,3.8,4.0,4.1,4.3,2.801012,2.359711,2.109082,1.6334879999999998,1.7,1.51,1.3,1.04,2.9495150000000003,0.1200000000000001,0.78,1.0,0.0,0,0.0
2018-07-01,3.8,2.9495150000000003,1.91,US,4.0,4.0,4.0,4.3,2.871548,2.462744,2.070508,1.7279779999999998,1.82,1.69,1.41,1.15,2.69918,0.08999999999999986,0.76,1.0,0.0,0,0.0
2018-08-01,3.8,2.69918,1.91,US,3.8,3.8,4.1,4.4,2.9495150000000003,2.801012,2.211795,1.938974,1.91,1.7,1.42,1.16,2.276972,0.0,0.75,0.0,0.0,0,0.0
2018-09-01,3.7,2.276972,1.95,US,3.8,4.0,4.0,4.3,2.69918,2.871548,2.359711,2.232964,1.91,1.82,1.51,1.15,2.52247,0.040000000000000036,0.8,1.0,0.0,0,0.0
2018-10-01,3.8,2.52247,2.19,US,3.7,3.8,4.0,4.2,2.276972,2.9495150000000003,2.462744,2.041129,1.95,1.91,1.69,1.15,2.176601,0.24,1.04,1.0,0.0,0,0.0
2018-11-01,3.8,2.176601,2.2,US,3.8,3.8,3.8,4.2,2.52247,2.69918,2.801012,2.202583,2.19,1.91,1.7,1.16,1.910159,0.010000000000000231,1.0400000000000003,1.0,0.0,0,0.0
2018-12-01,3.9,1.910159,2.27,US,3.8,3.7,4.0,4.1,2.176601,2.276972,2.871548,2.109082,2.2,1.95,1.82,1.3,1.551235,0.06999999999999984,0.97,1.0,0.0,0,0.0
2019-01-01,4.0,1.551235,2.4,US,3.9,3.8,3.8,4.0,1.910159,2.52247,2.9495150000000003,2.070508,2.27,2.19,1.91,1.41,1.520135,0.1299999999999999,0.99,1.0,0.0,0,0.0
2019-02-01,3.8,1.520135,2.4,US,4.0,3.8,3.8,4.1,1.551235,2.176601,2.69918,2.211795,2.4,2.2,1.91,1.42,1.862523,0.0,0.98,0.0,0.0,0,0.0
2019-03-01,3.8,1.862523,2.41,US,3.8,3.9,3.7,4.0,1.520135,1.910159,2.276972,2.359711,2.4,2.27,1.95,1.51,1.99644,0.010000000000000231,0.9000000000000001,1.0,0.0,0,0.0
2019-04-01,3.7,1.99644,2.42,US,3.8,4.0,3.8,4.0,1.862523,1.551235,2.52247,2.462744,2.41,2.4,2.19,1.69,1.790228,0.009999999999999787,0.73,1.0,0.0,0,0.0
2019-05-01,3.6,1.790228,2.39,US,3.7,3.8,3.8,3.8,1.99644,1.520135,2.176601,2.801012,2.42,2.4,2.2,1.7,1.6484849999999998,-0.029999999999999805,0.6900000000000002,0.0,1.0,0,0.0
2019-06-01,3.6,1.6484849999999998,2.38,US,3.6,3.8,3.9,4.0,1.790228,1.862523,1.910159,2.871548,2.39,2.41,2.27,1.82,1.811465,-0.010000000000000231,0.5599999999999998,0.0,1.0,0,0.0
2019-07-01,3.7,1.811465,2.4,US,3.6,3.7,4.0,3.8,1.6484849999999998,1.99644,1.551235,2.9495150000000003,2.38,2.42,2.4,1.91,1.74978,0.020000000000000018,0.49,1.0,0.0,0,0.0
2019-08-01,3.6,1.74978,2.13,US,3.7,3.6,3.8,3.8,1.811465,1.790228,1.520135,2.69918,2.4,2.39,2.4,1.91,1.711305,-0.27,0.21999999999999997,0.0,1.0,0,0.0
2019-09-01,3.5,1.711305,2.04,US,3.6,3.6,3.8,3.7,1.74978,1.6484849999999998,1.862523,2.276972,2.13,2.38,2.41,1.95,1.764043,-0.08999999999999986,0.09000000000000008,0.0,1.0,0,0.0
2019-10-01,3.6,1.764043,1.83,US,3.5,3.7,3.7,3.8,1.711305,1.811465,1.99644,2.52247,2.04,2.4,2.42,2.19,2.051278,-0.20999999999999996,-0.3599999999999999,0.0,1.0,0,0.0
2019-11-01,3.6,2.051278,1.55,US,3.6,3.6,3.6,3.8,1.764043,1.74978,1.790228,2.176601,1.83,2.13,2.39,2.2,2.28513,-0.28,-0.6500000000000001,0.0,1.0,0,0.0
2019-12-01,3.6,2.28513,1.55,US,3.6,3.5,3.6,3.9,2.051278,1.711305,1.6484849999999998,1.910159,1.55,2.04,2.38,2.27,2.486572,0.0,-0.72,0.0,0.0,0,0.0
2020-01-01,3.6,2.486572,1.55,US,3.6,3.6,3.7,4.0,2.28513,1.764043,1.811465,1.551235,1.55,1.83,2.4,2.4,2.334874,0.0,-0.8499999999999999,0.0,0.0,0,0.0
2020-02-01,3.5,2.334874,1.58,US,3.6,3.6,3.6,3.8,2.486572,2.051278,1.74978,1.520135,1.55,1.55,2.13,2.4,1.539327,0.030000000000000027,-0.8199999999999998,1.0,0.0,0,0.0
2020-03-01,4.4,1.539327,0.65,US,3.5,3.6,3.5,3.8,2.334874,2.28513,1.711305,1.862523,1.58,1.55,2.04,2.41,0.3290967,-0.93,-1.7600000000000002,0.0,1.0,1,0.0
2020-04-01,14.8,0.3290967,0.05,US,4.4,3.6,3.6,3.7,1.539327,2.486572,1.764043,1.99644,0.65,1.55,1.83,2.42,0.1179263999999999,-0.6,-2.37,0.0,1.0,1,0.08487337440109514
2020-05-01,13.2,0.1179263999999999,0.05,US,14.8,3.5,3.6,3.6,0.3290967,2.334874,2.051278,1.790228,0.05,1.58,1.55,2.39,0.6457331000000001,0.0,-2.3400000000000003,0.0,0.0,1,0.16700889801505817
2020-06-01,11.0,0.6457331000000001,0.08,US,13.2,4.4,3.6,3.6,0.1179263999999999,1.539327,2.28513,1.6484849999999998,0.05,0.65,1.55,2.38,0.9860818,0.03,-2.3,1.0,0.0,1,0.2518822724161533
2020-07-01,10.2,0.9860818,0.09,US,11.0,14.8,3.6,3.7,0.6457331000000001,0.3290967,2.486572,1.811465,0.08,0.05,1.55,2.4,1.3096450000000002,0.009999999999999995,-2.31,1.0,0.0,1,0.33401779603011633
2020-08-01,8.4,1.3096450000000002,0.1,US,10.2,13.2,3.5,3.6,0.9860818,0.1179263999999999,2.334874,1.74978,0.09,0.05,1.58,2.13,1.371325,0.010000000000000009,-2.03,1.0,0.0,1,0.4188911704312115
2020-09-01,7.8,1.371325,0.09,US,8.4,11.0,4.4,3.5,1.3096450000000002,0.6457331000000001,1.539327,1.711305,0.1,0.08,0.65,2.04,1.182066,-0.010000000000000009,-1.95,0.0,1.0,1,0.5037645448323066
2020-10-01,6.9,1.182066,0.09,US,7.8,10.2,14.8,3.6,1.371325,0.9860818,0.3290967,1.764043,0.09,0.09,0.05,1.83,1.174536,0.0,-1.74,0.0,0.0,1,0.5859000684462696
2020-11-01,6.7,1.174536,0.09,US,6.9,8.4,13.2,3.6,1.182066,1.3096450000000002,0.1179263999999999,2.051278,0.09,0.1,0.05,1.55,1.362005,0.0,-1.46,0.0,0.0,1,0.6707734428473648
2020-12-01,6.7,1.362005,0.09,US,6.7,7.8,11.0,3.6,1.174536,1.371325,0.6457331000000001,2.28513,0.09,0.09,0.08,1.55,1.3997700000000002,0.0,-1.46,0.0,0.0,1,0.7529089664613279
2021-01-01,6.4,1.3997700000000002,0.09,US,6.7,6.9,10.2,3.6,1.362005,1.182066,0.9860818,2.486572,0.09,0.09,0.09,1.55,1.6762150000000002,0.0,-1.46,0.0,0.0,1,0.837782340862423
2021-02-01,6.2,1.6762150000000002,0.08,US,6.4,6.7,8.4,3.5,1.3997700000000002,1.174536,1.3096450000000002,2.334874,0.09,0.09,0.1,1.58,2.619762,-0.009999999999999995,-1.5,0.0,1.0,1,0.9226557152635181
2021-03-01,6.1,2.619762,0.07,US,6.2,6.7,7.8,4.4,1.6762150000000002,1.362005,1.371325,1.539327,0.08,0.09,0.09,0.65,4.159695,-0.009999999999999995,-0.5800000000000001,0.0,1.0,1,0.999315537303217
2021-04-01,6.1,4.159695,0.07,US,6.1,6.4,6.9,14.8,2.619762,1.3997700000000002,1.182066,0.3290967,0.07,0.09,0.09,0.05,4.992707,0.0,0.020000000000000004,0.0,0.0,1,1.0841889117043122
2021-05-01,5.8,4.992707,0.06,US,6.1,6.2,6.7,13.2,4.159695,1.6762150000000002,1.174536,0.1179263999999999,0.07,0.08,0.09,0.05,5.391451,-0.010000000000000009,0.009999999999999995,0.0,1.0,1,1.1663244353182751
2021-06-01,5.9,5.391451,0.08,US,5.8,6.1,6.7,11.0,4.992707,2.619762,1.362005,0.6457331000000001,0.06,0.07,0.09,0.08,5.365475,0.020000000000000004,0.0,1.0,0.0,1,1.2511978097193703
2021-07-01,5.4,5.365475,0.1,US,5.9,6.1,6.4,10.2,5.391451,4.159695,1.3997700000000002,0.9860818,0.08,0.07,0.09,0.09,5.251272,0.020000000000000004,0.010000000000000009,1.0,0.0,1,1.3333333333333333
2021-08-01,5.1,5.251272,0.09,US,5.4,5.8,6.2,8.4,5.365475,4.992707,1.6762150000000002,1.3096450000000002,0.1,0.06,0.08,0.1,5.390349,-0.010000000000000009,-0.010000000000000009,0.0,1.0,1,1.4182067077344285
2021-09-01,4.7,5.390349,0.08,US,5.1,5.9,6.1,7.8,5.251272,5.391451,2.619762,1.371325,0.09,0.08,0.07,0.09,6.221869,-0.009999999999999995,-0.009999999999999995,0.0,1.0,1,1.5030800821355237
2021-10-01,4.5,6.221869,0.08,US,4.7,5.4,6.1,6.9,5.390349,5.365475,4.159695,1.182066,0.08,0.1,0.07,0.09,6.809003,0.0,-0.009999999999999995,0.0,0.0,1,1.5852156057494866
2021-11-01,4.2,6.809003,0.08,US,4.5,5.1,5.8,6.7,6.221869,5.251272,4.992707,1.174536,0.08,0.09,0.06,0.09,7.036403,0.0,-0.009999999999999995,0.0,0.0,1,1.6700889801505818
2021-12-01,3.9,7.036403,0.08,US,4.2,4.7,5.9,6.7,6.809003,5.390349,5.391451,1.362005,0.08,0.08,0.08,0.09,7.479872999999999,0.0,-0.009999999999999995,0.0,0.0,1,1.7522245037645447
2022-01-01,4.0,7.479872999999999,0.08,US,3.9,4.5,5.4,6.4,7.036403,6.221869,5.365475,1.3997700000000002,0.08,0.08,0.1,0.09,7.871064,0.0,-0.009999999999999995,0.0,0.0,1,1.83709787816564
2022-02-01,3.8,7.871064,0.08,US,4.0,4.2,5.1,6.2,7.479872999999999,6.809003,5.251272,1.6762150000000002,0.08,0.08,0.09,0.08,8.542456,0.0,0.0,0.0,0.0,1,1.9219712525667352
2022-03-01,3.7,8.542456,0.2,US,3.8,3.9,4.7,6.1,7.871064,7.036403,5.390349,2.619762,0.08,0.08,0.08,0.07,8.25863,0.12000000000000001,0.13,1.0,0.0,1,1.998631074606434
2022-04-01,3.7,8.25863,0.33,US,3.7,4.0,4.5,6.1,8.542456,7.479872999999999,6.221869,4.159695,0.2,0.08,0.08,0.07,8.581511,0.13,0.26,1.0,0.0,1,2.083504449007529
2022-05-01,3.6,8.581511,0.77,US,3.7,3.8,4.2,5.8,8.25863,7.871064,6.809003,4.992707,0.33,0.08,0.08,0.06,9.059758,0.44,0.71,1.0,0.0,1,2.1656399726214923
2022-06-01,3.6,9.059758,1.21,US,3.6,3.7,3.9,5.9,8.581511,8.542456,7.036403,5.391451,0.77,0.2,0.08,0.08,8.524815,0.43999999999999995,1.13,1.0,0.0,1,2.2505133470225873
2022-07-01,3.5,8.524815,1.68,US,3.6,3.7,4.0,5.4,9.059758,8.25863,7.479872999999999,5.365475,1.21,0.33,0.08,0.1,8.262692,0.47,1.5799999999999998,1.0,0.0,1,2.3326488706365502
2022-08-01,3.6,8.262692,2.33,US,3.5,3.6,3.8,5.1,8.524815,8.581511,7.871064,5.251272,1.68,0.77,0.08,0.09,8.20167,0.6500000000000001,2.24,1.0,0.0,1,2.4175222450376452
2022-09-01,3.5,8.20167,2.56,US,3.6,3.6,3.7,4.7,8.262692,9.059758,8.542456,5.390349,2.33,1.21,0.2,0.08,7.745427,0.22999999999999998,2.48,1.0,0.0,1,2.5023956194387407
2022-10-01,3.6,7.745427,3.08,US,3.5,3.5,3.7,4.5,8.20167,8.524815,8.25863,6.221869,2.56,1.68,0.33,0.08,7.110322999999999,0.52,3.0,1.0,0.0,1,2.5845311430527036
2022-11-01,3.6,7.110322999999999,3.78,US,3.6,3.6,3.6,4.2,7.745427,8.262692,8.581511,6.809003,3.08,2.33,0.77,0.08,6.454401,0.6999999999999997,3.6999999999999997,1.0,0.0,1,2.6694045174537986
2022-12-01,3.5,6.454401,4.1,US,3.6,3.5,3.6,3.9,7.110322999999999,8.20167,9.059758,7.036403,3.78,2.56,1.21,0.08,6.410147,0.31999999999999984,4.02,1.0,0.0,1,2.751540041067762
2023-01-01,3.5,6.410147,4.33,US,3.5,3.6,3.5,4.0,6.454401,7.745427,8.524815,7.479872999999999,4.1,3.08,1.68,0.08,6.035613,0.23000000000000043,4.25,1.0,0.0,1,2.836413415468857
2023-02-01,3.6,6.035613,4.57,US,3.5,3.6,3.6,3.8,6.410147,7.110322999999999,8.262692,7.871064,4.33,3.78,2.33,0.08,4.984974,0.2400000000000002,4.49,1.0,0.0,1,2.921286789869952
2023-03-01,3.5,4.984974,4.65,US,3.6,3.5,3.5,3.7,6.035613,6.454401,8.20167,8.542456,4.57,4.1,2.56,0.2,4.93032,0.08000000000000007,4.45,1.0,0.0,1,2.9979466119096507
2023-04-01,3.4,4.93032,4.83,US,3.5,3.5,3.6,3.7,4.984974,6.410147,7.745427,8.25863,4.65,4.33,3.08,0.33,4.047609,0.17999999999999972,4.5,1.0,0.0,1,3.082819986310746
2023-05-01,3.6,4.047609,5.06,US,3.4,3.6,3.6,3.6,4.93032,6.035613,7.110322999999999,8.581511,4.83,4.57,3.78,0.77,2.969178,0.22999999999999954,4.289999999999999,1.0,0.0,1,3.164955509924709
2023-06-01,3.6,2.969178,5.08,US,3.6,3.5,3.5,3.6,4.047609,4.984974,6.454401,9.059758,5.06,4.65,4.1,1.21,3.17778,0.020000000000000462,3.87,1.0,0.0,1,3.249828884325804
2023-07-01,3.5,3.17778,5.12,US,3.6,3.4,3.5,3.5,2.969178,4.93032,6.410147,8.524815,5.08,4.83,4.33,1.68,3.665112,0.040000000000000036,3.4400000000000004,1.0,0.0,1,3.3319644079397674
2023-08-01,3.7,3.665112,5.33,US,3.5,3.6,3.6,3.6,3.17778,4.047609,6.035613,8.262692,5.12,5.06,4.57,2.33,3.699698,0.20999999999999996,3.0,1.0,0.0,1,3.4168377823408624
2023-09-01,3.8,3.699698,5.33,US,3.7,3.6,3.5,3.5,3.665112,2.969178,4.984974,8.20167,5.33,5.08,4.65,2.56,3.241145,0.0,2.77,0.0,0.0,1,3.5017111567419574
2023-10-01,3.9,3.241145,5.33,US,3.8,3.5,3.4,3.6,3.699698,3.17778,4.93032,7.745427,5.33,5.12,4.83,3.08,3.137271,0.0,2.25,0.0,0.0,1,3.583846680355921
2023-11-01,3.7,3.137271,5.33,US,3.9,3.7,3.6,3.6,3.241145,3.665112,4.047609,7.110322999999999,5.33,5.33,5.06,3.78,3.352123,0.0,1.5500000000000003,0.0,0.0,1,3.668720054757016
2023-12-01,3.8,3.352123,5.33,US,3.7,3.8,3.6,3.5,3.137271,3.699698,2.969178,6.454401,5.33,5.33,5.08,4.1,3.090885,0.0,1.2300000000000004,0.0,0.0,1,3.7508555783709787
2024-01-01,3.7,3.090885,5.33,US,3.8,3.9,3.5,3.5,3.352123,3.241145,3.17778,6.410147,5.33,5.33,5.12,4.33,3.153171,0.0,1.0,0.0,0.0,1,3.8357289527720737
2024-02-01,3.9,3.153171,5.33,US,3.7,3.7,3.7,3.6,3.090885,3.137271,3.665112,6.035613,5.33,5.33,5.33,4.57,3.477385,0.0,0.7599999999999998,0.0,0.0,1,3.920602327173169
2024-03-01,3.9,3.477385,5.33,US,3.9,3.8,3.8,3.5,3.153171,3.352123,3.699698,4.984974,5.33,5.33,5.33,4.65,3.357364,0.0,0.6799999999999997,0.0,0.0,1,4.0
2024-04-01,3.9,3.357364,5.33,US,3.9,3.7,3.9,3.4,3.477385,3.090885,3.241145,4.93032,5.33,5.33,5.33,4.83,3.269029,0.0,0.5,0.0,0.0,1,4.084873374401095
2024-05-01,4.0,3.269029,5.33,US,3.9,3.9,3.7,3.6,3.357364,3.153171,3.137271,4.047609,5.33,5.33,5.33,5.06,2.971397,0.0,0.27000000000000046,0.0,0.0,1,4.167008898015058
2024-06-01,4.1,2.971397,5.33,US,4.0,3.9,3.8,3.6,3.269029,3.477385,3.352123,2.969178,5.33,5.33,5.33,5.08,2.894753,0.0,0.25,0.0,0.0,1,4.251882272416153
2024-07-01,4.2,2.894753,5.33,US,4.1,3.9,3.7,3.5,2.971397,3.357364,3.090885,3.17778,5.33,5.33,5.33,5.12,2.53073,0.0,0.20999999999999996,0.0,0.0,1,4.334017796030117
2024-08-01,4.2,2.53073,5.33,US,4.2,4.0,3.9,3.7,2.894753,3.269029,3.153171,3.665112,5.33,5.33,5.33,5.33,2.440633,0.0,0.0,0.0,0.0,1,4.418891170431212
2024-09-01,4.1,2.440633,5.13,US,4.2,4.1,3.9,3.8,2.53073,2.971397,3.477385,3.699698,5.33,5.33,5.33,5.33,2.597905,-0.20000000000000018,-0.20000000000000018,0.0,1.0,1,4.503764544832307
2024-10-01,4.1,2.597905,4.83,US,4.1,4.2,3.9,3.9,2.440633,2.894753,3.357364,3.241145,5.13,5.33,5.33,5.33,2.74938,-0.2999999999999998,-0.5,0.0,1.0,1,4.58590006844627
2024-11-01,4.2,2.74938,4.64,US,4.1,4.2,4.0,3.7,2.597905,2.53073,3.269029,3.137271,4.83,5.33,5.33,5.33,2.888057,-0.1900000000000004,-0.6900000000000004,0.0,1.0,1,4.670773442847365
2024-12-01,4.1,2.888057,4.48,US,4.2,4.1,4.1,3.8,2.74938,2.440633,2.971397,3.352123,4.64,5.13,5.33,5.33,3.000483,-0.15999999999999925,-0.8499999999999996,0.0,1.0,1,4.7529089664613275
2025-01-01,4.0,3.000483,4.33,US,4.1,4.1,4.2,3.7,2.888057,2.597905,2.894753,3.090885,4.48,4.83,5.33,5.33,2.821549,-0.15000000000000036,-1.0,0.0,1.0,1,4.837782340862423
2025-02-01,4.1,2.821549,4.33,US,4.0,4.2,4.2,3.9,3.000483,2.74938,2.53073,3.153171,4.33,4.64,5.33,5.33,2.390725,0.0,-1.0,0.0,0.0,1,4.922655715263518
2025-03-01,4.2,2.390725,4.33,US,4.1,4.1,4.1,3.9,2.821549,2.888057,2.440633,3.477385,4.33,4.48,5.13,5.33,,0.0,-1.0,0.0,0.0,1,4.999315537303217
